<?xml version="1.0"?>
<doc>
    <assembly>
        <name>WebApiP116</name>
    </assembly>
    <members>
        <member name="M:WebApiP116.Controllers.PostController.Get">
            <summary>
            Get All Post
            </summary>
            <returns></returns>
        </member>
        <member name="M:WebApiP116.Controllers.PostController.Get(System.Int32)">
            <summary>
            Get post from Id
            </summary>
            <param name="id">For post</param>
            <returns></returns>
        </member>
        <member name="M:WebApiP116.Controllers.PostController.Post(WebApiP116.Models.Post)">
            <summary>
            For creating new post
            </summary>
            <param name="post"></param>
            <returns></returns>
        </member>
        <member name="M:WebApiP116.Controllers.PostController.Put(System.Int32,WebApiP116.Models.Post)">
            <summary>
            For updating exist post
            </summary>
            <param name="id"></param>
            <param name="post"></param>
            <returns></returns>
        </member>
        <member name="M:WebApiP116.Controllers.PostController.Delete(System.Int32)">
            <summary>
            For delete
            </summary>
            <param name="id"></param>
            <returns></returns>
        </member>
    </members>
</doc>
